﻿name,rows,reserved,data,index_size,unused
A_Accountant_Solicitor,0,0 KB,0 KB,0 KB,0 KB
A_Applicant,86120,536392 KB,102800 KB,429784 KB,3808 KB
A_Application,86120,517112 KB,71408 KB,441152 KB,4552 KB
A_Batch_Loads,0,0 KB,0 KB,0 KB,0 KB
A_CaseDiaryNotes,0,0 KB,0 KB,0 KB,0 KB
A_Cases,0,16 KB,8 KB,8 KB,0 KB
A_CBA,0,0 KB,0 KB,0 KB,0 KB
A_CBB,0,0 KB,0 KB,0 KB,0 KB
A_CBC,0,0 KB,0 KB,0 KB,0 KB
A_CreditBureau,0,0 KB,0 KB,0 KB,0 KB
A_Diary_Notes,223156,190200 KB,93336 KB,96456 KB,408 KB
A_Guarantor,86114,146056 KB,40720 KB,104656 KB,680 KB
A_Introducer_Agent,86107,67224 KB,23408 KB,43432 KB,384 KB
A_PreviousAddress_Company,0,0 KB,0 KB,0 KB,0 KB
A_Reference,86114,85584 KB,31384 KB,53672 KB,528 KB
A_Security,0,0 KB,0 KB,0 KB,0 KB
A_U2A,0,0 KB,0 KB,0 KB,0 KB
A_U2B,0,0 KB,0 KB,0 KB,0 KB
A_U2C,0,0 KB,0 KB,0 KB,0 KB
A_UCA,0,0 KB,0 KB,0 KB,0 KB
A_UCB,0,0 KB,0 KB,0 KB,0 KB
A_UCC,0,0 KB,0 KB,0 KB,0 KB
A_User,86107,142560 KB,24200 KB,117536 KB,824 KB
A_User2,0,0 KB,0 KB,0 KB,0 KB
A_Valuer,0,0 KB,0 KB,0 KB,0 KB
Abbreviation_Match,6,48 KB,8 KB,40 KB,0 KB
Abbreviation_Match_Requests,1716,64 KB,48 KB,16 KB,0 KB
Abbreviation_Match_Results,8596,392 KB,376 KB,16 KB,0 KB
ActionDecision_Fields,2,16 KB,8 KB,8 KB,0 KB
Applicant_Audit,0,0 KB,0 KB,0 KB,0 KB
Application_Actions,18,32 KB,8 KB,24 KB,0 KB
Application_Audit,0,0 KB,0 KB,0 KB,0 KB
Application_Errors,0,0 KB,0 KB,0 KB,0 KB
Application_Read,0,0 KB,0 KB,0 KB,0 KB
Application_Type,1,24 KB,8 KB,16 KB,0 KB
Application_Weights,0,0 KB,0 KB,0 KB,0 KB
Audit_Log,32210,4656 KB,4560 KB,56 KB,40 KB
Auto_Action_Criteria,1,16 KB,8 KB,8 KB,0 KB
Auto_Fraud_Check_Fields,9,16 KB,8 KB,8 KB,0 KB
Auto_Fraud_Check_Results,33,48 KB,24 KB,24 KB,0 KB
Batch_Cancel,0,0 KB,0 KB,0 KB,0 KB
C_Accountant_Solicitor,0,0 KB,0 KB,0 KB,0 KB
C_Applicant,2,608 KB,8 KB,600 KB,0 KB
C_Application,2,656 KB,8 KB,648 KB,0 KB
C_Batch_Loads,0,0 KB,0 KB,0 KB,0 KB
C_CBA,0,0 KB,0 KB,0 KB,0 KB
C_CBB,0,0 KB,0 KB,0 KB,0 KB
C_CBC,0,0 KB,0 KB,0 KB,0 KB
C_CreditBureau,0,0 KB,0 KB,0 KB,0 KB
C_Diary_Notes,11,48 KB,8 KB,40 KB,0 KB
C_Guarantor,1,160 KB,8 KB,152 KB,0 KB
C_Introducer_Agent,0,80 KB,8 KB,72 KB,0 KB
C_PreviousAddress_Company,0,0 KB,0 KB,0 KB,0 KB
C_Reference,0,96 KB,8 KB,88 KB,0 KB
C_Security,0,0 KB,0 KB,0 KB,0 KB
C_U2A,0,0 KB,0 KB,0 KB,0 KB
C_U2B,0,0 KB,0 KB,0 KB,0 KB
C_U2C,0,0 KB,0 KB,0 KB,0 KB
C_UCA,0,0 KB,0 KB,0 KB,0 KB
C_UCB,0,0 KB,0 KB,0 KB,0 KB
C_UCC,0,0 KB,0 KB,0 KB,0 KB
C_User,0,192 KB,8 KB,184 KB,0 KB
C_User2,0,0 KB,0 KB,0 KB,0 KB
C_Valuer,0,0 KB,0 KB,0 KB,0 KB
Category_Parameters,1140,136 KB,80 KB,16 KB,40 KB
Category_Parameters_Bak,1140,128 KB,64 KB,8 KB,56 KB
Classing_Associations,1,16 KB,8 KB,8 KB,0 KB
Classing_Definition,4,16 KB,8 KB,8 KB,0 KB
Communication_Service_Queue,0,0 KB,0 KB,0 KB,0 KB
Company_Suffix,11,16 KB,8 KB,8 KB,0 KB
Criteria_Definition,13,64 KB,8 KB,56 KB,0 KB
Decision_Reason,26,16 KB,8 KB,8 KB,0 KB
Diary_Prompt,1,16 KB,8 KB,8 KB,0 KB
Fraud_Check_Schedule,0,16 KB,8 KB,8 KB,0 KB
Fraud_Saving_Report_Fields_Req,5,16 KB,8 KB,8 KB,0 KB
Frequency_List,55055,8792 KB,5912 KB,2392 KB,488 KB
HA_Accountant_Solicitor,0,0 KB,0 KB,0 KB,0 KB
HA_Applicant,22783,26872 KB,26224 KB,544 KB,104 KB
HA_Application,22783,18936 KB,18456 KB,392 KB,88 KB
HA_CBA,0,0 KB,0 KB,0 KB,0 KB
HA_CBB,0,0 KB,0 KB,0 KB,0 KB
HA_CBC,0,0 KB,0 KB,0 KB,0 KB
HA_CreditBureau,0,0 KB,0 KB,0 KB,0 KB
HA_Guarantor,22758,11384 KB,11040 KB,264 KB,80 KB
HA_Introducer_Agent,22757,6448 KB,6160 KB,168 KB,120 KB
HA_PreviousAddress_Company,0,0 KB,0 KB,0 KB,0 KB
HA_Reference,22758,8760 KB,8456 KB,216 KB,88 KB
HA_Security,0,0 KB,0 KB,0 KB,0 KB
HA_U2A,0,0 KB,0 KB,0 KB,0 KB
HA_U2B,0,0 KB,0 KB,0 KB,0 KB
HA_U2C,0,0 KB,0 KB,0 KB,0 KB
HA_UCA,0,0 KB,0 KB,0 KB,0 KB
HA_UCB,0,0 KB,0 KB,0 KB,0 KB
HA_UCC,0,0 KB,0 KB,0 KB,0 KB
HA_User,22757,7032 KB,6736 KB,184 KB,112 KB
HA_User2,0,0 KB,0 KB,0 KB,0 KB
HA_Valuer,0,0 KB,0 KB,0 KB,0 KB
HC_Accountant_Solicitor,0,0 KB,0 KB,0 KB,0 KB
HC_Applicant,1,16 KB,8 KB,8 KB,0 KB
HC_Application,1,16 KB,8 KB,8 KB,0 KB
HC_CBA,0,0 KB,0 KB,0 KB,0 KB
HC_CBB,0,0 KB,0 KB,0 KB,0 KB
HC_CBC,0,0 KB,0 KB,0 KB,0 KB
HC_CreditBureau,0,0 KB,0 KB,0 KB,0 KB
HC_Guarantor,1,16 KB,8 KB,8 KB,0 KB
HC_Introducer_Agent,1,16 KB,8 KB,8 KB,0 KB
HC_PreviousAddress_Company,0,0 KB,0 KB,0 KB,0 KB
HC_Reference,1,16 KB,8 KB,8 KB,0 KB
HC_Security,0,0 KB,0 KB,0 KB,0 KB
HC_U2A,0,0 KB,0 KB,0 KB,0 KB
HC_U2B,0,0 KB,0 KB,0 KB,0 KB
HC_U2C,0,0 KB,0 KB,0 KB,0 KB
HC_UCA,0,0 KB,0 KB,0 KB,0 KB
HC_UCB,0,0 KB,0 KB,0 KB,0 KB
HC_UCC,0,0 KB,0 KB,0 KB,0 KB
HC_User,1,16 KB,8 KB,8 KB,0 KB
HC_User2,0,0 KB,0 KB,0 KB,0 KB
HC_Valuer,0,0 KB,0 KB,0 KB,0 KB
HCriteria,84,32 KB,16 KB,16 KB,0 KB
HCriteria_Definition,84,40 KB,24 KB,16 KB,0 KB
HOrganisation_Rule_Sets,738,64 KB,56 KB,8 KB,0 KB
HProfile,2944,328 KB,296 KB,16 KB,16 KB
HProfile_Extension,2093,136 KB,104 KB,16 KB,16 KB
HReport_Profile,112,32 KB,16 KB,16 KB,0 KB
HRule_Sets,3142,856 KB,760 KB,32 KB,64 KB
HRules,2894,1040 KB,960 KB,24 KB,56 KB
HRules_Definition,6115,2584 KB,2496 KB,32 KB,56 KB
HSecurity,30,16 KB,8 KB,8 KB,0 KB
HSecurity_ApplicationType,38,16 KB,8 KB,8 KB,0 KB
HSecurity_Organisation,26,16 KB,8 KB,8 KB,0 KB
HSecurity_Rule_Admin_Group,1,16 KB,8 KB,8 KB,0 KB
Instinct_Dictionary,81,16 KB,8 KB,8 KB,0 KB
Instinct_Dictionary_Tables,9,16 KB,8 KB,8 KB,0 KB
Instinct_Parameters,152,40 KB,24 KB,16 KB,0 KB
Instinct_Registration,1,16 KB,8 KB,8 KB,0 KB
Link_Analysis_Maintenance,9,16 KB,8 KB,8 KB,0 KB
List_Report_Settings,80,16 KB,8 KB,8 KB,0 KB
List_Report_Templates,0,16 KB,8 KB,8 KB,0 KB
Lookup_Definition,17,16 KB,8 KB,8 KB,0 KB
Lookup_Fields_Names,17,16 KB,8 KB,8 KB,0 KB
Lookup_List,13,16 KB,8 KB,8 KB,0 KB
LookupTable_Codes,140,16 KB,8 KB,8 KB,0 KB
Matched_Applications,317669,140968 KB,56800 KB,73608 KB,10560 KB
Matched_Applications_History,504227,149008 KB,97504 KB,51424 KB,80 KB
Matched_Applications_TestRules,0,56 KB,8 KB,48 KB,0 KB
Menu,90,16 KB,8 KB,8 KB,0 KB
MSecurity,0,16 KB,8 KB,8 KB,0 KB
MSecurity_ApplicationType,0,16 KB,8 KB,8 KB,0 KB
MSecurity_Organisation,0,16 KB,8 KB,8 KB,0 KB
MSecurity_Rule_Admin_Group,0,0 KB,0 KB,0 KB,0 KB
Organisation,1,16 KB,8 KB,8 KB,0 KB
Organisation_Chart,1,16 KB,8 KB,8 KB,0 KB
Organisation_Rule_Sets,3,24 KB,16 KB,8 KB,0 KB
Organisation_Rule_Sets_Confirm,1,16 KB,8 KB,8 KB,0 KB
Profile,584,56 KB,40 KB,16 KB,0 KB
Profile_Extension,308,40 KB,24 KB,16 KB,0 KB
RecentDocuments,24,16 KB,8 KB,8 KB,0 KB
Reference_Tables,3,16 KB,8 KB,8 KB,0 KB
Reference_Tables_Fields,16,16 KB,8 KB,8 KB,0 KB
Reference_Tables_Status,2,16 KB,8 KB,8 KB,0 KB
Reference_Tables_Trigger,0,0 KB,0 KB,0 KB,0 KB
RefTable_ListLoanTotal,0,0 KB,0 KB,0 KB,0 KB
RefTable_UserLoginLogs,0,0 KB,0 KB,0 KB,0 KB
RefTable_UserUpdateInfoLogs,0,0 KB,0 KB,0 KB,0 KB
Report,28,16 KB,8 KB,8 KB,0 KB
Report_Profile,254,56 KB,40 KB,16 KB,0 KB
Retention_Fields,0,16 KB,8 KB,8 KB,0 KB
Review_Purpose,3,16 KB,8 KB,8 KB,0 KB
Rule_Admin_Group,0,16 KB,8 KB,8 KB,0 KB
Rule_Group,0,16 KB,8 KB,8 KB,0 KB
Rule_Sets,117,48 KB,32 KB,16 KB,0 KB
Rule_Sets_Confirm,1,16 KB,8 KB,8 KB,0 KB
Rules,134,40 KB,24 KB,16 KB,0 KB
Rules_Definition,262,208 KB,128 KB,24 KB,56 KB
Scorecard_Attributes,0,16 KB,8 KB,8 KB,0 KB
Scorecard_Definition,0,16 KB,8 KB,8 KB,0 KB
Scorecard_Intervals,0,16 KB,8 KB,8 KB,0 KB
Scorecard_Result_Details,0,0 KB,0 KB,0 KB,0 KB
Scorecard_Results,944,384 KB,168 KB,184 KB,32 KB
Security,4,32 KB,8 KB,24 KB,0 KB
Security_ApplicationType,4,16 KB,8 KB,8 KB,0 KB
Security_History,4,16 KB,8 KB,8 KB,0 KB
Security_Layout,5,152 KB,96 KB,8 KB,48 KB
Security_Maker_Checker,2,16 KB,8 KB,8 KB,0 KB
Security_Organisation,4,16 KB,8 KB,8 KB,0 KB
Security_Rule_Admin_Group,0,16 KB,8 KB,8 KB,0 KB
Sound_CN,56665,2184 KB,2160 KB,16 KB,8 KB
Strategy_Objectives,2,16 KB,8 KB,8 KB,0 KB
Strategy_TeamAssignment,3,16 KB,8 KB,8 KB,0 KB
Strategy_TeamAssignment_Result,85842,17720 KB,17248 KB,360 KB,112 KB
sysdiagrams,0,0 KB,0 KB,0 KB,0 KB
Team_Users,1,16 KB,8 KB,8 KB,0 KB
Teams,1,16 KB,8 KB,8 KB,0 KB
TranslateDic,3047,592 KB,248 KB,304 KB,40 KB
TranslateDic_20151211,3047,264 KB,240 KB,8 KB,16 KB
TriggeredRulesInvestigation,0,0 KB,0 KB,0 KB,0 KB
TriggeredRulesReview,0,0 KB,0 KB,0 KB,0 KB
User_Suspension,7,16 KB,8 KB,8 KB,0 KB
